name,season,placement,avg_abs_gap,max_gap,weighted_gap,weeks_lowest_judge,total_weeks,mean_delta,controversy_type,is_specified,is_controversial
Evander Holyfield,1,5,1.8333333333333333,2.5,1.0555555555555556,2,3,1.8333333333333333,fan-favored,False,False
Joey McIntyre,1,3,0.6,2.0,0.36,2,5,0.2,neutral,False,False
John O'Hurley,1,2,0.6666666666666666,2.0,0.25,1,6,-0.6666666666666666,neutral,False,False
Kelly Monaco,1,1,1.5,4.0,0.638888888888889,1,6,1.5,fan-favored,False,False
Rachel Hunter,1,4,2.5,4.0,1.6875,0,4,-2.0,judge-favored,False,False
Trista Sutter,1,6,1.75,2.0,1.375,0,2,-1.75,judge-favored,False,False
Drew Lachey,2,1,2.0625,5.5,0.625,0,8,-2.0625,judge-favored,False,False
George Hamilton,2,5,2.5833333333333335,7.0,0.8194444444444445,1,6,2.4166666666666665,fan-favored,False,False
Giselle Fernandez,2,8,3.0,5.5,1.6666666666666667,0,3,-3.0,judge-favored,False,False
Jerry Rice,2,2,2.8125,5.0,1.375,3,8,0.5625,neutral,True,False
Lisa Rinna,2,4,2.642857142857143,5.0,1.1836734693877549,0,7,-0.07142857142857142,neutral,False,False
Master P,2,7,4.0,6.0,1.875,4,4,4.0,fan-favored,False,False
Stacy Keibler,2,3,1.875,6.0,0.8125,0,8,-1.0,neutral,False,False
Tatum O'Neal,2,9,2.25,4.5,1.125,0,2,-2.25,judge-favored,False,False
Tia Carrere,2,6,0.9,2.0,0.52,1,5,0.9,neutral,False,False
Emmitt Smith,3,1,2.65,8.0,1.1800000000000002,3,10,0.45,neutral,False,False
Harry Hamlin,3,9,4.833333333333333,7.0,2.8333333333333335,0,3,2.5,fan-favored,False,True
Jerry Springer,3,5,4.357142857142857,8.0,1.9693877551020407,4,7,4.357142857142857,fan-favored,False,True
Joey Lawrence,3,3,2.7222222222222223,7.0,1.08641975308642,1,9,-2.0555555555555554,judge-favored,False,False
Mario Lopez,3,2,2.05,7.0,0.8,2,10,0.05,neutral,False,False
Monique Coleman,3,4,3.0,7.0,1.34375,1,8,-0.625,neutral,False,False
Sara Evans,3,6,1.5,4.0,1.06,2,5,0.7,neutral,False,False
Shanna Moakler,3,10,3.0,4.0,2.5,0,2,-3.0,judge-favored,False,True
Vivica A. Fox,3,8,3.375,5.5,2.25,0,4,-3.375,judge-favored,False,True
Willa Ford,3,7,2.7,5.0,2.1399999999999997,0,5,-1.3,judge-favored,False,True
Apolo Anton Ohno,4,1,2.15,7.0,0.85,0,10,-1.65,judge-favored,False,False
Billy Ray Cyrus,4,5,2.875,9.0,1.078125,3,8,2.0,fan-favored,True,False
Clyde Drexler,4,8,5.8,9.0,3.6399999999999997,4,5,5.4,fan-favored,False,True
Heather Mills,4,7,1.1666666666666667,2.0,0.875,0,6,-1.1666666666666667,judge-favored,False,False
Ian Ziering,4,4,1.7222222222222223,6.5,0.5493827160493827,1,9,-0.16666666666666666,neutral,False,False
Joey Fatone,4,2,2.0,5.0,0.7750000000000001,0,10,-1.7,judge-favored,False,False
John Ratzenberger,4,6,1.8571428571428572,4.0,0.9183673469387754,1,7,0.8571428571428571,neutral,False,False
Laila Ali,4,3,2.1,6.0,0.74,1,10,0.4,neutral,False,False
Leeza Gibbons,4,9,1.125,2.5,0.59375,0,4,-0.875,neutral,False,False
Paulina Porizkova,4,11,3.5,3.5,2.625,0,2,-3.5,judge-favored,False,True
Shandi Finnessey,4,10,3.5,5.0,2.388888888888889,0,3,-0.16666666666666666,neutral,False,True
Albert Reed,5,11,3.0,4.0,2.5,0,2,-3.0,judge-favored,False,True
Cameron Mathison,5,5,2.0,4.0,0.9453125,0,8,-0.75,neutral,False,False
Floyd Mayweather Jr. ,5,9,2.5,6.0,1.6875,0,4,1.0,neutral,False,False
Helio Castroneves,5,1,1.9,6.0,0.76,0,10,-0.6,neutral,False,False
Jane Seymour,5,6,2.5714285714285716,6.0,1.3265306122448979,2,7,1.4285714285714286,fan-favored,False,False
Jennie Garth,5,4,2.0555555555555554,6.0,0.6975308641975309,0,9,0.6111111111111112,neutral,False,False
Marie Osmond,5,3,3.35,7.0,1.735,4,10,1.05,fan-favored,False,False
Mark Cuban,5,8,3.5,7.0,1.98,2,5,3.3,fan-favored,False,True
Mel B,5,2,2.3,7.5,0.9400000000000001,0,10,-1.5,judge-favored,False,False
Sabrina Bryan,5,7,4.083333333333333,6.0,2.111111111111111,0,6,-4.083333333333333,judge-favored,False,True
Wayne Newton,5,10,3.6666666666666665,6.0,1.888888888888889,2,3,3.6666666666666665,fan-favored,False,False
Adam Carolla,6,9,1.5,2.0,0.875,2,4,1.5,fan-favored,False,False
Cristian de la Fuente,6,3,2.4,7.0,0.9099999999999999,2,10,-1.8,judge-favored,False,False
Jason Taylor,6,2,3.25,7.5,1.17,0,10,-1.85,judge-favored,False,False
Kristi Yamaguchi,6,1,2.6,7.0,1.0699999999999998,0,10,-2.2,judge-favored,False,False
Mario,6,5,2.375,4.5,1.078125,0,8,-1.125,judge-favored,False,False
Marissa Jaret Winokur,6,4,2.888888888888889,9.0,1.154320987654321,3,9,2.4444444444444446,fan-favored,False,False
Marlee Matlin,6,7,2.9166666666666665,5.0,1.527777777777778,1,6,1.4166666666666667,fan-favored,False,False
Monica Seles,6,11,2.25,2.5,1.625,2,2,2.25,fan-favored,False,False
Penn Jillette,6,12,4.0,7.0,2.25,0,2,3.0,fan-favored,False,True
Priscilla Presley,6,8,4.8,7.0,2.82,1,5,1.0,neutral,False,True
Shannon Elizabeth,6,6,2.5,5.0,1.3775510204081631,0,7,0.21428571428571427,neutral,False,False
Steve Guttenberg,6,10,4.666666666666667,7.5,2.3333333333333335,0,3,4.666666666666667,fan-favored,False,True
Brooke Burke,7,1,0.75,3.0,0.35500000000000004,0,10,-0.05,neutral,False,False
Cloris Leachman,7,7,2.4166666666666665,4.0,1.013888888888889,4,6,2.4166666666666665,fan-favored,False,False
Cody Linley,7,4,2.7222222222222223,6.0,1.0925925925925926,2,9,-2.1666666666666665,judge-favored,False,False
Kim Kardashian,7,11,2.5,4.0,1.5,0,2,1.5,fan-favored,False,False
Lance Bass,7,3,1.7,3.5,0.9200000000000002,2,10,-0.7,neutral,False,False
Maurice Greene,7,5,2.75,6.0,1.1484375,1,8,2.0,fan-favored,False,False
Misty May-Treanor,7,10,4.5,6.0,3.75,0,2,-1.5,judge-favored,False,True
Rocco DiSpirito,7,9,2.5,5.0,1.5625,1,4,2.5,fan-favored,False,False
Susan Lucci,7,6,2.0714285714285716,3.5,1.1224489795918369,0,7,0.5,neutral,False,False
Toni Braxton,7,8,2.2,4.0,1.2,0,5,-0.4,neutral,False,False
Warren Sapp,7,2,2.9,7.5,1.1099999999999999,2,10,-1.5,judge-favored,False,False
Belinda Carlisle,8,13,2.0,2.5,1.625,0,2,-0.5,neutral,False,False
Chuck Wicks,8,6,1.3125,4.5,0.75,0,8,0.1875,neutral,False,False
David Alan Grier,8,9,2.6,7.5,1.44,0,5,0.6,neutral,False,False
Denise Richards,8,12,4.166666666666667,8.0,2.722222222222222,0,3,-4.166666666666667,judge-favored,False,True
Gilles Marini,8,2,3.1363636363636362,10.0,1.0578512396694213,0,11,-2.227272727272727,judge-favored,False,False
Holly Madison,8,11,1.75,3.0,1.28125,0,4,0.75,neutral,False,False
Lawrence Taylor,8,7,3.2857142857142856,9.0,1.2653061224489797,1,7,3.0,fan-favored,False,False
Lil' Kim,8,5,2.1666666666666665,4.0,1.2037037037037035,0,9,-1.7222222222222223,judge-favored,False,False
Melissa Rycroft,8,3,1.5909090909090908,5.0,0.8305785123966941,2,11,-0.3181818181818182,neutral,False,False
Shawn Johnson,8,1,2.1818181818181817,6.0,0.78099173553719,0,11,-1.5454545454545454,judge-favored,False,False
Steve Wozniak,8,10,9.625,12.0,5.375,3,4,9.625,fan-favored,False,True
Steve-O,8,8,2.75,8.0,1.1249999999999998,3,6,1.5833333333333333,fan-favored,False,False
Ty Murray,8,4,1.85,5.0,0.8150000000000001,2,10,-0.25,neutral,False,False
Aaron Carter,9,5,1.6875,5.0,0.8984375,1,8,0.6875,neutral,False,False
Chuck Liddell,9,11,3.625,5.5,1.875,0,4,2.625,fan-favored,False,False
Debi Mazar,9,12,5.0,7.5,2.777777777777778,0,3,0.0,neutral,False,True
Donny Osmond,9,1,2.1,8.0,0.8800000000000001,2,10,-0.9,neutral,False,False
Joanna Krupa,9,4,2.9444444444444446,5.5,1.3580246913580245,0,9,-1.0555555555555556,judge-favored,False,False
Kathy Ireland,9,14,1.0,1.5,0.625,1,2,0.5,neutral,False,False
Kelly Osbourne,9,3,3.85,9.0,1.5,1,10,1.15,fan-favored,False,False
Louie Vito,9,8,2.75,5.5,1.4305555555555554,1,6,2.4166666666666665,fan-favored,False,False
Mark Dacascos,9,6,3.2857142857142856,8.0,1.2857142857142858,1,7,-2.4285714285714284,judge-favored,False,False
Melissa Joan Hart,9,9,2.6666666666666665,6.5,1.1944444444444444,0,6,0.16666666666666666,neutral,False,False
Michael Irvin,9,7,5.857142857142857,12.0,3.204081632653061,4,7,5.571428571428571,fan-favored,False,True
Mya,9,2,4.4,9.0,1.5500000000000003,0,10,-3.6,judge-favored,False,False
Natalie Coughlin,9,10,3.9,7.0,2.2399999999999998,0,5,-3.9,judge-favored,False,True
Tom DeLay,9,13,2.6666666666666665,4.5,1.6111111111111114,1,3,2.6666666666666665,fan-favored,False,False
Aiden Turner,10,9,3.125,5.0,1.59375,0,4,2.625,fan-favored,False,False
Buzz Aldrin,10,10,4.333333333333333,7.0,3.111111111111111,3,3,4.333333333333333,fan-favored,False,True
Chad Ochocinco,10,4,2.2222222222222223,6.5,0.7901234567901234,1,9,0.8888888888888888,neutral,False,False
Erin Andrews,10,3,2.3,6.5,1.125,0,10,0.2,neutral,False,False
Evan Lysacek,10,2,2.35,9.0,0.9,1,10,-1.45,judge-favored,False,False
Jake Pavelka,10,7,2.75,5.5,1.3055555555555556,1,6,0.75,neutral,False,False
Kate Gosselin,10,8,3.6,6.0,2.4799999999999995,2,5,3.6,fan-favored,False,True
Nicole Scherzinger,10,1,4.45,9.0,1.955,0,10,-4.45,judge-favored,False,True
Niecy Nash,10,5,2.3125,5.5,1.2421875,2,8,1.5625,fan-favored,False,False
Pamela Anderson,10,6,2.7142857142857144,6.5,1.1224489795918366,0,7,-1.0,neutral,False,False
Shannen Doherty,10,11,3.25,4.5,2.75,0,2,-1.25,judge-favored,False,True
Audrina Patridge,11,7,2.9166666666666665,6.0,1.9027777777777777,0,6,-2.0833333333333335,judge-favored,False,False
Brandy,11,4,2.8333333333333335,6.0,1.617283950617284,0,9,-1.8333333333333333,judge-favored,False,False
Bristol Palin,11,3,3.2,6.5,1.515,5,10,2.7,fan-favored,True,False
Florence Henderson,11,8,3.0,4.5,1.52,0,5,-1.2,judge-favored,False,False
Jennifer Grey,11,1,1.8,6.0,0.595,0,10,-1.1,judge-favored,False,False
Kurt Warner,11,5,2.3125,5.0,1.2421875,1,8,0.9375,neutral,False,False
Kyle Massey,11,2,2.25,4.0,1.1300000000000001,0,10,-0.25,neutral,False,False
Margaret Cho,11,10,3.1666666666666665,5.5,1.8888888888888886,2,3,3.1666666666666665,fan-favored,False,False
Michael Bolton,11,11,1.0,1.0,0.75,1,2,0.0,neutral,False,False
Rick Fox,11,6,1.7857142857142858,2.5,1.1122448979591837,0,7,-0.21428571428571427,neutral,False,False
The Situation,11,9,2.75,6.5,1.40625,2,4,1.5,fan-favored,False,False
Chelsea Kane,12,3,1.85,5.5,0.66,0,10,0.35,neutral,False,False
Chris Jericho,12,7,1.5833333333333333,3.0,0.8194444444444443,1,6,-0.9166666666666666,neutral,False,False
Hines Ward,12,1,2.35,6.5,1.025,0,10,-1.65,judge-favored,False,False
Kendra Wilkinson,12,6,3.142857142857143,7.0,1.6326530612244898,2,7,2.2857142857142856,fan-favored,False,False
Kirstie Alley,12,2,1.45,4.0,0.635,2,10,0.65,neutral,False,False
Mike Catherwood,12,11,1.0,1.0,0.75,2,2,0.0,neutral,False,False
Petra Nemcova,12,8,2.9,7.5,1.64,1,5,-1.9,judge-favored,False,False
Ralph Macchio,12,4,2.888888888888889,6.0,1.2901234567901234,3,9,0.5555555555555556,neutral,False,False
Romeo,12,5,2.5,8.0,0.9296875,1,8,-2.0,judge-favored,False,False
Sugar Ray Leonard,12,9,1.875,4.5,1.21875,1,4,1.875,fan-favored,False,False
Wendy Williams,12,10,3.0,5.0,1.5555555555555556,2,3,3.0,fan-favored,False,False
Carson Kressley,13,8,2.2,5.5,0.86,2,5,2.2,fan-favored,False,False
Chaz Bono,13,7,2.4166666666666665,6.0,1.0138888888888888,3,6,1.5833333333333333,fan-favored,False,False
Chynna Phillips,13,9,5.375,9.5,2.6875,0,4,-5.375,judge-favored,False,True
David Arquette,13,6,1.7857142857142858,3.5,0.9591836734693876,0,7,-1.6428571428571428,judge-favored,False,False
Elisabetta Canalis,13,11,4.75,5.5,3.75,0,2,-0.75,neutral,False,True
Hope Solo,13,4,2.3333333333333335,7.0,1.0123456790123457,1,9,1.2222222222222223,fan-favored,False,False
J.R. Martinez,13,1,1.2,3.5,0.58,0,10,-0.9,neutral,False,False
Kristin Cavallari,13,10,4.0,4.5,2.7222222222222228,0,3,-4.0,judge-favored,False,True
Nancy Grace,13,5,3.5,6.5,1.5390625,2,8,2.75,fan-favored,False,False
Ricki Lake,13,3,2.15,6.0,0.845,1,10,-0.75,neutral,False,False
Rob Kardashian,13,2,1.85,4.0,0.8550000000000001,0,10,0.95,neutral,False,False
Donald Driver,14,1,2.35,8.0,1.085,1,10,-0.15,neutral,False,False
Gavin DeGraw,14,9,4.3,8.0,2.52,3,5,4.3,fan-favored,False,True
Gladys Knight,14,8,2.75,5.0,1.4305555555555556,3,6,2.75,fan-favored,False,False
Jack Wagner,14,11,3.0,5.5,2.0555555555555554,1,3,0.6666666666666666,neutral,False,True
Jaleel White,14,7,3.857142857142857,9.5,1.6938775510204083,0,7,-2.142857142857143,judge-favored,False,False
Katherine Jenkins,14,2,2.7,5.5,1.46,1,10,-1.5,judge-favored,False,False
Maria Menounos,14,4,2.6666666666666665,7.5,1.2345679012345678,0,9,-0.6666666666666666,neutral,False,False
Martina Navratilova,14,12,3.5,5.0,2.25,2,2,3.5,fan-favored,False,True
Melissa Gilbert,14,5,2.75,9.0,1.03125,4,8,2.5,fan-favored,False,False
Roshon Fegan,14,6,3.125,7.5,1.4375,0,8,-2.0,judge-favored,False,False
Sherri Sheperd,14,10,2.125,3.0,1.21875,1,4,-0.625,neutral,False,False
William Levy,14,3,2.7,8.5,1.0,1,10,-1.1,judge-favored,False,False
Apolo Anton Ohno,15,5,2.2777777777777777,4.5,1.3024691358024691,0,9,-0.16666666666666666,neutral,False,False
Bristol Palin,15,9,5.5,11.0,3.0,2,4,5.0,fan-favored,False,True
Drew Lachey,15,11,1.5,3.0,0.7222222222222222,0,3,-0.8333333333333334,neutral,False,False
Emmitt Smith,15,4,2.0,5.0,0.9259259259259258,2,9,0.2222222222222222,neutral,False,False
Gilles Marini,15,6,2.5625,7.0,1.28125,0,8,-0.9375,neutral,False,False
Helio Castroneves,15,10,5.5,6.0,3.611111111111111,0,3,-5.5,judge-favored,False,True
Joey Fatone,15,12,3.0,4.0,2.5,0,2,-1.0,neutral,False,True
Kelly Monaco,15,3,2.65,7.0,1.205,1,10,1.95,fan-favored,False,False
Kirstie Alley,15,7,1.375,3.5,0.6171875,3,8,1.0,neutral,False,False
Melissa Rycroft,15,1,2.3,8.0,1.0,0,10,-0.5,neutral,False,False
Sabrina Bryan,15,8,2.8333333333333335,6.5,1.986111111111111,0,6,-2.5,judge-favored,False,True
Shawn Johnson,15,2,2.25,6.0,1.06,1,10,-0.05,neutral,False,False
Alexandra Raisman,16,4,3.7,9.0,1.6099999999999999,0,10,-3.4,judge-favored,False,False
Andy Dick,16,7,3.4285714285714284,5.0,1.7040816326530612,2,7,2.4285714285714284,fan-favored,False,False
D. L. Hughley,16,9,2.0,3.0,0.9,2,5,1.6,fan-favored,False,False
Dorothy Hamill,16,12,6.0,11.0,5.75,1,2,6.0,fan-favored,False,True
Ingo Rademacher,16,5,2.388888888888889,5.5,0.9506172839506173,1,9,-0.9444444444444444,neutral,False,False
Jacoby Jones,16,3,1.65,3.0,1.035,1,10,0.85,neutral,False,False
Kellie Pickler,16,1,1.55,2.5,0.8400000000000001,0,10,-0.25,neutral,False,False
Lisa Vanderpump,16,10,1.875,3.0,1.0625,1,4,0.875,neutral,False,False
Sean Lowe,16,6,2.3125,5.0,1.046875,1,8,-0.8125,neutral,False,False
Victor Ortiz,16,8,3.9166666666666665,6.5,2.138888888888889,2,6,3.9166666666666665,fan-favored,False,True
Wynonna Judd,16,11,2.0,3.0,1.5555555555555554,1,3,1.3333333333333333,fan-favored,False,False
Zendaya,16,2,3.2,7.5,1.455,0,10,-2.5,judge-favored,False,False
Amber Riley,17,1,2.227272727272727,6.0,1.1074380165289257,0,11,-0.9545454545454546,neutral,False,False
Bill Engvall,17,4,3.3181818181818183,7.0,1.7520661157024795,6,11,3.3181818181818183,fan-favored,False,False
Bill Nye,17,11,3.5,8.0,1.5,3,3,3.1666666666666665,fan-favored,False,False
Brant Daugherty,17,7,3.3125,7.5,1.484375,0,8,1.8125,fan-favored,False,False
Christina Milian,17,9,4.9,7.5,2.98,0,5,-4.9,judge-favored,False,True
Corbin Bleu,17,2,2.5,5.5,1.3553719008264464,0,11,-2.5,judge-favored,False,False
Elizabeth Berkley Lauren,17,6,3.2777777777777777,8.5,1.3209876543209877,0,9,-2.1666666666666665,judge-favored,False,False
Jack Osbourne,17,3,1.5909090909090908,5.0,0.7479338842975206,0,11,0.8636363636363636,neutral,False,False
Keyshawn Johnson,17,12,1.5,2.0,1.0,0,2,0.5,neutral,False,False
Leah Remini,17,5,1.8,6.0,0.8699999999999999,1,10,0.4,neutral,False,False
"Nicole ""Snooki"" Polizzi",17,8,3.5714285714285716,6.5,1.7653061224489794,0,7,-1.7142857142857142,judge-favored,False,False
Valerie Harper,17,10,4.75,9.0,2.3125,2,4,4.75,fan-favored,False,True
Amy Purdy,18,2,1.9,6.0,1.0399999999999998,0,10,-1.6,judge-favored,False,False
Billy Dee Williams,18,10,8.0,10.0,5.5,2,2,8.0,fan-favored,False,True
Candace Cameron Bure,18,3,4.0,7.5,2.0,5,10,3.0,fan-favored,False,True
Charlie White,18,5,2.4444444444444446,7.0,1.1419753086419753,0,9,-0.2222222222222222,neutral,False,False
Cody Simpson,18,9,1.2,3.0,0.64,0,5,0.0,neutral,False,False
Danica McKellar,18,6,2.625,6.0,1.0234375,0,8,-2.0,judge-favored,False,False
Drew Carey,18,8,1.0833333333333333,2.5,0.6944444444444445,3,6,-0.25,neutral,False,False
James Maslow,18,4,2.4,4.5,0.99,1,10,-1.0,neutral,False,False
Meryl Davis,18,1,2.55,7.0,1.125,1,10,-1.85,judge-favored,False,False
NeNe Leakes,18,7,2.642857142857143,5.0,1.0918367346938775,1,7,1.7857142857142858,fan-favored,False,False
Sean Avery,18,11,5.75,9.0,3.5,0,2,3.25,fan-favored,False,True
Alfonso Ribeiro,19,1,2.727272727272727,10.0,0.7851239669421486,0,11,-1.6363636363636365,judge-favored,False,False
Antonio Sabato Jr.,19,8,1.7857142857142858,6.5,0.6326530612244898,1,7,0.35714285714285715,neutral,False,False
Bethany Mota,19,4,2.727272727272727,6.5,1.0330578512396693,1,11,-1.6363636363636365,judge-favored,False,False
Betsey Johnson,19,10,4.375,8.0,2.03125,1,4,2.875,fan-favored,False,True
Janel Parrish,19,3,1.7727272727272727,4.0,0.6983471074380166,0,11,-1.0454545454545454,judge-favored,False,False
Jonathan Bennett,19,9,3.4166666666666665,6.0,2.0555555555555554,1,6,0.5833333333333334,neutral,False,True
Lea Thompson,19,6,2.1666666666666665,4.5,1.0493827160493825,0,9,-0.6111111111111112,neutral,False,False
Michael Waltrip,19,7,4.3125,9.0,2.0859375,4,8,4.3125,fan-favored,False,True
Randy Couture,19,11,1.5,3.0,0.7777777777777777,1,3,1.1666666666666667,fan-favored,False,False
Sadie Robertson,19,2,2.590909090909091,7.0,1.0495867768595042,0,11,-2.0454545454545454,judge-favored,False,False
Tavis Smiley,19,12,3.5,4.5,2.375,0,2,-3.5,judge-favored,False,True
Tommy Chong,19,5,3.2,8.0,1.2,3,10,2.8,fan-favored,False,False
Charlotte McKinney,20,11,3.3333333333333335,9.0,2.2222222222222223,2,3,3.0,fan-favored,False,True
Chris Soules,20,5,4.0,9.0,1.765625,3,8,3.75,fan-favored,False,False
Michael Sam,20,10,3.25,5.0,2.0,0,4,0.0,neutral,False,True
Nastia Liukin,20,4,3.5555555555555554,10.0,1.425925925925926,0,9,-3.111111111111111,judge-favored,False,False
Noah Galloway,20,3,2.1,6.0,0.985,2,10,1.0,neutral,False,False
Patti LaBelle,20,8,2.25,4.5,1.3888888888888886,1,6,0.75,neutral,False,False
Redfoo,20,12,8.25,9.5,5.875,1,2,1.25,fan-favored,False,True
Riker Lynch,20,2,2.5,6.0,1.0599999999999998,0,10,-2.1,judge-favored,False,False
Robert Herjavec,20,6,1.8125,4.0,1.2734375,4,8,1.5625,fan-favored,False,False
Rumer Willis,20,1,3.5,6.0,1.4150000000000003,0,10,-1.7,judge-favored,False,False
Suzanne Somers,20,9,2.4,3.5,1.58,0,5,0.0,neutral,False,False
Willow Shields,20,7,3.2142857142857144,8.0,1.7551020408163267,0,7,-0.35714285714285715,neutral,False,False
Alek Skarlatos,21,3,3.772727272727273,6.5,1.6983471074380168,2,11,0.4090909090909091,neutral,False,False
Alexa PenaVega,21,6,2.5555555555555554,4.5,1.4506172839506173,0,9,0.1111111111111111,neutral,False,False
Andy Grammer,21,7,1.1875,4.0,0.7265625,1,8,0.4375,neutral,False,False
Bindi Irwin,21,1,3.727272727272727,11.0,1.3636363636363635,0,11,-3.1818181818181817,judge-favored,False,False
Carlos PenaVega,21,4,3.3181818181818183,9.5,1.3181818181818181,0,11,-2.590909090909091,judge-favored,False,False
Chaka Khan,21,13,5.0,7.0,4.25,1,2,5.0,fan-favored,False,True
Gary Busey,21,10,2.0,5.0,1.0625,1,4,1.5,fan-favored,False,False
Hayes Grier,21,8,3.5714285714285716,6.5,1.9489795918367345,0,7,1.2857142857142858,fan-favored,False,True
Kim Zolciak-Biermann,21,11,5.5,10.0,3.0,1,2,5.5,fan-favored,False,True
Nick Carter,21,2,3.272727272727273,7.5,1.384297520661157,1,11,-0.5454545454545454,neutral,False,False
Paula Deen,21,9,4.333333333333333,5.0,2.555555555555556,3,6,4.333333333333333,fan-favored,False,True
Tamar Braxton,21,5,1.8333333333333333,6.0,1.1728395061728394,1,9,0.2777777777777778,neutral,False,False
Victor Espinoza,21,12,2.0,2.0,1.5,0,2,-2.0,judge-favored,False,False
Antonio Brown,22,5,1.8333333333333333,4.0,1.0185185185185186,2,9,1.7222222222222223,fan-favored,False,False
Doug Flutie,22,9,4.5,10.0,2.263888888888889,2,6,4.5,fan-favored,False,True
Geraldo Rivera,22,12,1.5,2.0,1.0,2,2,1.5,fan-favored,False,False
Ginger Zee,22,3,2.9,6.5,1.515,1,10,-0.7,neutral,False,False
Jodie Sweetin,22,6,4.8125,8.5,2.484375,1,8,-0.6875,neutral,False,True
Kim Fields,22,8,2.7142857142857144,6.5,1.2857142857142858,0,7,0.7142857142857143,neutral,False,False
Marla Maples,22,10,2.625,4.5,1.5,0,4,0.375,neutral,False,False
Mischa Barton,22,11,8.333333333333334,10.0,5.4444444444444455,1,3,8.333333333333334,fan-favored,False,True
Nyle DiMarco,22,1,2.0,5.0,0.9400000000000001,0,10,-1.1,judge-favored,False,False
Paige VanZant,22,2,3.0,7.5,1.19,0,10,-2.2,judge-favored,False,False
Von Miller,22,7,1.9285714285714286,7.0,1.0510204081632653,0,7,0.07142857142857142,neutral,False,False
Wanya Morris,22,4,3.7777777777777777,8.0,1.7901234567901234,1,9,-3.5555555555555554,judge-favored,False,False
Amber Rose,23,9,1.25,2.5,0.6666666666666666,2,6,0.75,neutral,False,False
Babyface,23,11,4.875,8.0,3.53125,1,4,1.625,fan-favored,False,True
Calvin Johnson Jr.,23,3,2.409090909090909,7.0,0.9710743801652892,2,11,-0.8636363636363636,neutral,False,False
Jake T. Austin,23,13,4.75,8.5,2.625,0,2,3.75,fan-favored,False,True
James Hinchcliffe,23,2,2.272727272727273,4.5,1.2603305785123966,1,11,-1.4545454545454546,judge-favored,False,False
Jana Kramer,23,4,2.3636363636363638,6.0,1.0743801652892562,1,11,0.18181818181818182,neutral,False,False
Laurie Hernandez,23,1,2.090909090909091,6.0,0.7272727272727273,0,11,-1.4545454545454546,judge-favored,False,False
Marilu Henner,23,6,3.0,8.5,1.1234567901234567,3,9,-1.6666666666666667,judge-favored,False,False
Maureen McCormick,23,8,2.857142857142857,6.5,1.836734693877551,1,7,2.0,fan-favored,False,False
Rick Perry,23,12,4.166666666666667,8.0,2.611111111111111,3,3,4.166666666666667,fan-favored,False,True
Ryan Lochte,23,7,2.875,5.5,1.5859375,1,8,0.75,neutral,False,False
Terra Jole,23,5,2.4,6.0,1.23,0,10,-1.1,judge-favored,False,False
Vanilla Ice,23,10,3.625,5.5,1.9375,1,4,3.625,fan-favored,False,True
Bonner Bolton,24,5,4.9375,9.0,2.328125,3,8,4.9375,fan-favored,False,True
Charo,24,11,1.8333333333333333,2.5,1.1111111111111112,1,3,-0.16666666666666666,neutral,False,False
Chris Kattan,24,12,0.75,1.0,0.5,2,2,0.25,neutral,False,False
David Ross,24,2,2.6,5.0,1.55,3,10,1.4,fan-favored,False,False
Erika Jayne,24,9,2.8,6.5,1.34,0,5,1.0,neutral,False,False
Heather Morris,24,8,4.0,7.0,2.694444444444444,0,6,-4.0,judge-favored,False,True
Mr. T,24,10,0.875,2.0,0.375,3,4,0.875,neutral,False,False
Nancy Kerrigan,24,7,2.2142857142857144,4.5,1.2959183673469385,0,7,-1.3571428571428572,judge-favored,False,False
Nick Viall,24,6,3.7857142857142856,7.5,1.8877551020408163,1,7,2.7857142857142856,fan-favored,False,False
Normani,24,3,1.5,3.5,0.74,0,10,-0.4,neutral,False,False
Rashad Jennings,24,1,2.45,4.5,1.18,0,10,-1.35,judge-favored,False,False
Simone Biles,24,4,3.388888888888889,6.0,1.3641975308641974,0,9,-3.388888888888889,judge-favored,False,False
Barbara Corcoran,25,13,1.0,1.0,0.75,2,2,1.0,neutral,False,False
Debbie Gibson,25,12,4.25,5.5,3.5,0,2,-4.25,judge-favored,False,True
Derek Fisher,25,11,4.625,7.5,2.1875,0,4,2.625,fan-favored,False,True
Drew Scott,25,4,3.05,5.5,1.565,3,10,1.75,fan-favored,False,False
Frankie Muniz,25,3,2.6,7.5,1.135,0,10,-0.5,neutral,False,False
Jordan Fisher,25,1,3.1,8.5,1.2700000000000002,0,10,-2.4,judge-favored,False,False
Lindsey Stirling,25,2,3.45,7.0,1.7850000000000001,0,10,-3.45,judge-favored,False,False
Nick Lachey,25,9,4.083333333333333,9.0,2.2222222222222223,3,6,4.083333333333333,fan-favored,False,True
Nikki Bella,25,8,2.142857142857143,4.5,1.2755102040816326,1,7,-0.2857142857142857,neutral,False,False
Sasha Pieterse,25,10,1.9,2.5,1.1800000000000002,1,5,-0.1,neutral,False,False
Terrell Owens,25,6,4.4375,9.0,1.8359375,0,8,3.1875,fan-favored,False,False
Vanessa Lachey,25,7,4.214285714285714,6.5,2.377551020408163,0,7,0.5,neutral,False,True
Victoria Arlen,25,5,2.7777777777777777,7.0,1.4753086419753088,0,9,-1.0,neutral,False,False
Adam Rippon,26,1,1.875,2.5,1.3125,0,4,-1.625,judge-favored,False,False
Arike Ogunbowale,26,7,3.0,5.0,2.75,0,2,-3.0,judge-favored,False,True
Chris Mazdzer,26,5,0.8333333333333334,1.5,0.6666666666666666,0,3,0.16666666666666666,neutral,False,False
Jennie Finch Daigle,26,6,2.5,4.5,1.8888888888888886,1,3,2.5,fan-favored,False,False
Josh Norman,26,2,0.875,1.5,0.625,0,4,-0.125,neutral,False,False
Kareem Abdul-Jabbar,26,8,2.0,3.0,1.25,2,2,2.0,fan-favored,False,False
Mirai Nagasu,26,4,0.6666666666666666,1.5,0.3888888888888889,0,3,-0.3333333333333333,neutral,False,False
Tonya Harding,26,3,1.25,3.5,0.71875,1,4,1.0,neutral,False,False
Alexis Ren,27,4,2.5,8.5,0.7469135802469136,0,9,-1.8333333333333333,judge-favored,False,False
Bobby Bones,27,1,3.1666666666666665,7.0,1.3641975308641976,2,9,3.1666666666666665,fan-favored,True,False
Danelle Umstead,27,12,4.0,7.0,2.25,0,2,3.0,fan-favored,False,True
DeMarcus Ware,27,7,3.0714285714285716,4.5,1.540816326530612,0,7,-0.5,neutral,False,False
Evanna Lynch,27,3,1.3888888888888888,4.0,0.6790123456790124,0,9,-0.9444444444444444,neutral,False,False
Joe Amabile,27,6,4.375,8.0,2.109375,6,8,4.25,fan-favored,False,True
John Schneider,27,8,3.7857142857142856,8.0,1.8469387755102038,1,7,2.9285714285714284,fan-favored,False,False
Juan Pablo Di Pace,27,5,1.4375,2.5,0.765625,0,8,-0.5625,neutral,False,False
Mary Lou Retton,27,9,3.25,6.5,2.0,0,6,-1.9166666666666667,judge-favored,False,True
Milo Manheim,27,2,3.2777777777777777,6.0,1.4382716049382713,0,9,-3.1666666666666665,judge-favored,False,False
Nancy McKeon,27,11,1.3333333333333333,2.0,0.8888888888888888,0,3,0.0,neutral,False,False
Tinashe,27,10,4.25,7.5,3.28125,0,4,-3.75,judge-favored,False,True
Ally Brooke,28,3,2.4545454545454546,5.5,1.1900826446280992,0,11,-0.45454545454545453,neutral,False,False
Hannah Brown,28,1,2.727272727272727,8.0,1.0909090909090908,0,11,-0.8181818181818182,neutral,False,False
James Van Der Beek,28,5,2.65,6.0,1.4899999999999998,1,10,-1.95,judge-favored,False,False
Karamo Brown,28,8,4.428571428571429,7.0,2.3367346938775504,0,7,2.5714285714285716,fan-favored,False,True
Kate Flannery,28,7,4.0625,6.5,1.8359375,0,8,-1.9375,judge-favored,False,False
Kel Mitchell,28,2,2.8636363636363638,6.0,1.2768595041322313,0,11,-1.1363636363636365,judge-favored,False,False
Lamar Odom,28,10,1.5,3.0,0.75,4,4,1.5,fan-favored,False,False
Lauren Alaina,28,4,2.3181818181818183,5.5,1.037190082644628,1,11,0.22727272727272727,neutral,False,False
Mary Wilson,28,12,3.5,5.5,2.125,0,2,-3.5,judge-favored,False,True
Ray Lewis,28,11,3.0,3.5,2.375,0,2,3.0,fan-favored,False,True
Sailor Brinkley-Cook,28,9,3.1666666666666665,7.0,2.138888888888889,0,6,0.8333333333333334,neutral,False,True
Sean Spicer,28,6,3.4444444444444446,6.0,1.8765432098765433,5,9,3.4444444444444446,fan-favored,False,False
AJ McLean,29,7,2.8333333333333335,7.0,1.0925925925925926,0,9,1.2777777777777777,fan-favored,False,False
Anne Heche,29,13,2.75,4.0,1.625,1,4,-0.75,neutral,False,False
Carole Baskin,29,14,1.1666666666666667,3.0,0.4444444444444444,2,3,1.1666666666666667,fan-favored,False,False
Charles Oakley,29,15,2.25,4.0,1.25,1,2,2.25,fan-favored,False,False
Chrishell Stause,29,8,4.0625,9.5,2.2421875,1,8,3.0625,fan-favored,False,True
Jeannie Mai,29,9,3.0,6.5,2.122448979591837,1,7,1.5714285714285714,fan-favored,False,True
Jesse Metcalfe,29,12,3.4,6.0,1.6600000000000001,2,5,-1.0,neutral,False,False
Johnny Weir,29,6,3.75,11.5,1.8699999999999999,0,10,-3.75,judge-favored,False,False
Justina Machado,29,4,2.9545454545454546,9.0,1.3512396694214877,0,11,2.590909090909091,fan-favored,False,False
Kaitlyn Bristowe,29,1,2.8181818181818183,7.0,1.28099173553719,0,11,-1.0909090909090908,judge-favored,False,False
Monica Aldama,29,10,2.5714285714285716,10.5,1.1020408163265305,1,7,0.42857142857142855,neutral,False,False
Nelly,29,3,4.181818181818182,9.0,2.004132231404959,5,11,3.5454545454545454,fan-favored,False,True
Nev Schulman,29,2,4.590909090909091,9.5,2.322314049586777,0,11,-4.590909090909091,judge-favored,False,True
Skai Jackson,29,5,4.15,12.5,1.7149999999999999,2,10,-2.05,judge-favored,False,False
Veron Davis,29,11,3.0,6.0,1.6944444444444446,0,6,0.5,neutral,False,False
Amanda Kloots,30,4,2.75,7.0,1.335,0,10,-0.95,neutral,False,False
Brian Austin Green,30,13,6.5,11.5,3.8125,1,4,6.5,fan-favored,False,True
Christine Chiu,30,14,4.166666666666667,4.5,2.722222222222222,0,3,-1.5,judge-favored,False,True
Cody Rigsby,30,3,4.5,9.0,1.92,3,10,4.5,fan-favored,False,False
Iman Shumpert,30,1,4.5,13.0,1.43,1,10,3.8,fan-favored,False,False
Jimmie Allen,30,7,3.5,7.5,1.875,1,8,-0.625,neutral,False,False
JoJo Siwa,30,2,3.65,14.0,1.3900000000000001,0,10,-3.35,judge-favored,False,False
Kenya Moore,30,10,2.0833333333333335,8.5,0.625,1,6,-1.75,judge-favored,False,False
Martin Kove,30,15,2.5,5.0,1.25,2,2,2.5,fan-favored,False,False
Matt James,30,12,3.5,6.5,1.875,0,4,3.0,fan-favored,False,False
Melanie C,30,11,3.5,7.5,2.2600000000000002,0,5,-3.5,judge-favored,False,True
Melora Hardin,30,6,2.5,5.0,1.074074074074074,0,9,-1.9444444444444444,judge-favored,False,False
"Mike ""The Miz"" Mizanin",30,9,3.5,8.5,1.9285714285714284,1,7,-0.6428571428571429,neutral,False,True
Olivia Jade,30,8,4.0,9.0,2.1328125,0,8,-2.625,judge-favored,False,True
Suni Lee,30,5,2.2777777777777777,4.0,1.3703703703703702,0,9,-0.2777777777777778,neutral,False,False
Charli D'Amelio,31,1,0.9,5.0,0.28,0,10,-0.2,neutral,False,False
Cheryl Ladd,31,14,3.1666666666666665,8.0,2.1666666666666665,1,3,2.5,fan-favored,False,True
Daniel Durant,31,5,3.7777777777777777,8.0,1.7592592592592593,0,9,0.7777777777777778,neutral,False,False
Gabby Windey,31,2,5.05,13.0,1.8699999999999999,0,10,-4.25,judge-favored,False,False
Heidi D'Amelio,31,8,2.0,5.0,0.859375,0,8,0.875,neutral,False,False
Jessie James Decker,31,10,5.916666666666667,10.0,2.7083333333333335,0,6,5.916666666666667,fan-favored,False,True
Jordin Sparks,31,9,2.7142857142857144,7.0,1.5612244897959184,0,7,1.1428571428571428,fan-favored,False,False
Joseph Baena,31,11,3.6,8.0,1.6199999999999999,0,5,1.4,fan-favored,False,False
Sam Champion,31,13,3.25,6.0,1.625,1,4,3.25,fan-favored,False,False
Selma Blair,31,12,4.9,8.0,3.16,0,5,-4.9,judge-favored,False,True
Shangela,31,4,3.75,9.0,1.6,1,10,-2.45,judge-favored,False,False
Teresa Giudice,31,15,5.5,11.0,2.75,0,2,5.5,fan-favored,False,True
Trevor Donovan,31,6,2.6666666666666665,4.0,1.4259259259259258,1,9,-0.1111111111111111,neutral,False,False
Vinny Guadagnino,31,7,6.0,15.0,2.546875,6,8,6.0,fan-favored,False,True
Wayne Brady,31,3,4.95,14.0,1.8199999999999998,1,10,-4.95,judge-favored,False,False
Adrian Peterson,32,11,5.375,9.0,3.09375,0,4,3.875,fan-favored,False,True
Alyson Hannigan,32,5,2.909090909090909,9.5,1.194214876033058,3,11,1.2727272727272727,fan-favored,False,False
Ariana Madix,32,3,2.409090909090909,5.5,1.1528925619834711,0,11,-1.2272727272727273,judge-favored,False,False
Barry Williams,32,7,2.625,5.0,1.3984375,1,8,0.5,neutral,False,False
Charity Lawson,32,4,3.0,8.0,1.1735537190082643,0,11,-1.2727272727272727,judge-favored,False,False
Harry Jowsey,32,6,3.611111111111111,10.0,1.7345679012345678,6,9,3.611111111111111,fan-favored,False,False
Jamie Lynn Spears,32,13,3.25,4.0,2.625,0,2,-3.25,judge-favored,False,True
Jason Mraz,32,2,2.272727272727273,7.5,1.0,0,11,-0.7272727272727273,neutral,False,False
Lele Pons,32,8,2.857142857142857,5.0,1.846938775510204,0,7,-0.2857142857142857,neutral,False,False
Mauricio Umansky,32,9,3.3333333333333335,9.0,1.75,1,6,1.1666666666666667,fan-favored,False,False
Mira Sorvino,32,10,2.7,4.0,1.52,0,5,-1.3,judge-favored,False,False
Tyson Beckford,32,12,4.166666666666667,7.0,2.111111111111111,2,3,1.1666666666666667,fan-favored,False,True
Xochitl Gomez,32,1,2.8181818181818183,6.5,1.4256198347107438,0,11,-2.272727272727273,judge-favored,False,False
Anna Delvey,33,12,3.0,6.0,1.5,0,2,3.0,fan-favored,False,False
Brooks Nader,33,9,4.25,7.0,2.125,0,4,2.75,fan-favored,False,True
Chandler Kinney,33,3,4.111111111111111,10.0,1.5802469135802468,0,9,-3.3333333333333335,judge-favored,False,False
Danny Amendola,33,5,3.0555555555555554,7.0,1.41358024691358,1,9,0.5,neutral,False,False
Dwight Howard ,33,6,4.642857142857143,11.0,1.8979591836734695,3,7,0.35714285714285715,neutral,False,False
Eric Roberts,33,10,2.8333333333333335,4.5,1.6666666666666667,2,3,2.1666666666666665,fan-favored,False,False
Ilona Maher,33,2,2.6666666666666665,6.0,1.345679012345679,1,9,-0.7777777777777778,neutral,False,False
Jenn Tran,33,7,4.25,8.5,2.069444444444444,0,6,1.9166666666666667,fan-favored,False,True
Joey Graziadei,33,1,3.0,8.0,1.41358024691358,0,9,-2.6666666666666665,judge-favored,False,False
Phaedra Parks,33,8,2.0,4.5,1.24,1,5,0.6,neutral,False,False
Reginald VelJohnson,33,10,4.833333333333333,7.0,2.5555555555555554,2,3,4.833333333333333,fan-favored,False,True
Stephen Nedoroscik,33,4,1.4444444444444444,4.0,0.9320987654320988,2,9,0.3333333333333333,neutral,False,False
Tori Spelling,33,12,2.75,3.5,2.25,0,2,-0.75,neutral,False,True
Alix Earle,34,2,3.3181818181818183,6.5,1.4173553719008263,0,11,-1.9545454545454546,judge-favored,False,False
Andy Richter,34,7,4.0,8.0,2.135802469135802,8,9,4.0,fan-favored,False,True
Baron Davis,34,13,1.0,1.5,0.875,0,2,-0.5,neutral,False,False
Corey Feldman,34,13,5.25,6.5,3.625,2,2,5.25,fan-favored,False,True
Danielle Fishel,34,8,4.4375,8.5,2.03125,0,8,3.1875,fan-favored,False,True
Dylan Efron,34,4,2.590909090909091,4.5,1.2355371900826446,1,11,0.5,neutral,False,False
Elaine Hendrix,34,5,3.0,7.0,1.2727272727272727,1,11,1.7272727272727273,fan-favored,False,False
Hilaria Baldwin,34,11,3.375,5.0,2.4375,0,4,-1.125,judge-favored,False,True
Jen Affleck,34,9,3.357142857142857,7.0,1.4387755102040816,0,7,-2.642857142857143,judge-favored,False,False
Jordan Chiles,34,3,2.8636363636363638,7.5,1.0991735537190084,0,11,-0.6818181818181818,neutral,False,False
Lauren Jauregui,34,12,4.166666666666667,7.5,2.3333333333333335,1,3,-3.8333333333333335,judge-favored,False,True
Robert Irwin,34,1,2.590909090909091,6.5,1.037190082644628,0,11,-0.5,neutral,False,False
Scott Hoying,34,10,3.3333333333333335,10.5,1.4166666666666667,0,6,2.6666666666666665,fan-favored,False,False
Whitney Leavitt,34,6,4.35,9.0,2.4400000000000004,0,10,-4.25,judge-favored,False,True
