Season,Week,Contestant,MAP_FanShare,Mean,Std,CI_5%,CI_95%,CI_Width,Eliminated
33,1,Tori Spelling,0.0380,0.0790,0.0801,0.0025,0.2466,0.2441,No
33,1,Eric Roberts,0.1584,0.0715,0.0790,0.0011,0.2396,0.2385,No
33,1,Reginald VelJohnson,0.0976,0.0656,0.0751,0.0016,0.2270,0.2254,No
33,1,Chandler Kinney,0.0502,0.0842,0.0816,0.0030,0.2521,0.2491,No
33,1,Dwight Howard ,0.1032,0.0779,0.0784,0.0022,0.2274,0.2253,No
33,1,Danny Amendola,0.0859,0.0791,0.0803,0.0019,0.2373,0.2354,No
33,1,Stephen Nedoroscik,0.1833,0.0775,0.0785,0.0022,0.2416,0.2394,No
33,1,Ilona Maher,0.0568,0.0805,0.0819,0.0026,0.2541,0.2514,No
33,1,Anna Delvey,0.0415,0.0735,0.0793,0.0017,0.2367,0.2350,No
33,1,Brooks Nader,0.0647,0.0706,0.0793,0.0013,0.2357,0.2343,No
33,1,Phaedra Parks,0.0226,0.0732,0.0774,0.0016,0.2308,0.2291,No
33,1,Jenn Tran,0.0269,0.0864,0.0864,0.0031,0.2620,0.2588,No
33,1,Joey Graziadei,0.0709,0.0812,0.0818,0.0033,0.2537,0.2504,No
33,2,Tori Spelling,0.0542,0.0525,0.0051,0.0454,0.0627,0.0173,Yes
33,2,Eric Roberts,0.0990,0.0845,0.0108,0.0677,0.0988,0.0311,No
33,2,Reginald VelJohnson,0.0717,0.0715,0.0050,0.0648,0.0817,0.0168,No
33,2,Chandler Kinney,0.0666,0.0566,0.0079,0.0448,0.0701,0.0254,No
33,2,Dwight Howard ,0.0914,0.0729,0.0098,0.0601,0.0892,0.0290,No
33,2,Danny Amendola,0.0647,0.0629,0.0140,0.0394,0.0801,0.0407,No
33,2,Stephen Nedoroscik,0.0950,0.0857,0.0089,0.0725,0.0992,0.0267,No
33,2,Ilona Maher,0.1061,0.1037,0.0108,0.0868,0.1242,0.0374,No
33,2,Anna Delvey,0.0605,0.0597,0.0045,0.0499,0.0654,0.0155,Yes
33,2,Brooks Nader,0.0664,0.0695,0.0088,0.0583,0.0879,0.0296,No
33,2,Phaedra Parks,0.0657,0.0979,0.0163,0.0744,0.1246,0.0502,No
33,2,Jenn Tran,0.0545,0.0778,0.0152,0.0555,0.0999,0.0444,No
33,2,Joey Graziadei,0.1041,0.1046,0.0138,0.0829,0.1270,0.0441,No
33,3,Eric Roberts,0.0773,0.0652,0.0127,0.0403,0.0836,0.0433,Yes
33,3,Reginald VelJohnson,0.0816,0.0691,0.0130,0.0442,0.0872,0.0430,Yes
33,3,Chandler Kinney,0.0918,0.0807,0.0142,0.0614,0.1051,0.0437,No
33,3,Dwight Howard ,0.1022,0.1131,0.0123,0.0926,0.1351,0.0425,No
33,3,Danny Amendola,0.0721,0.0583,0.0071,0.0463,0.0691,0.0227,No
33,3,Stephen Nedoroscik,0.1040,0.0912,0.0130,0.0695,0.1114,0.0419,No
33,3,Ilona Maher,0.1027,0.0897,0.0142,0.0666,0.1092,0.0426,No
33,3,Brooks Nader,0.0576,0.0710,0.0153,0.0512,0.0991,0.0479,No
33,3,Phaedra Parks,0.0957,0.0821,0.0177,0.0509,0.1167,0.0658,No
33,3,Jenn Tran,0.0909,0.0887,0.0146,0.0592,0.1056,0.0464,No
33,3,Joey Graziadei,0.1241,0.1910,0.0613,0.0984,0.3002,0.2018,No
33,4,Chandler Kinney,0.1189,0.1231,0.0230,0.0950,0.1717,0.0767,No
33,4,Dwight Howard ,0.1258,0.1311,0.0120,0.1123,0.1510,0.0387,No
33,4,Danny Amendola,0.1086,0.1053,0.0118,0.0850,0.1248,0.0399,No
33,4,Stephen Nedoroscik,0.0896,0.0978,0.0182,0.0714,0.1282,0.0568,No
33,4,Ilona Maher,0.1212,0.1049,0.0098,0.0901,0.1202,0.0300,No
33,4,Brooks Nader,0.0850,0.0898,0.0108,0.0703,0.1066,0.0363,Yes
33,4,Phaedra Parks,0.1084,0.1275,0.0291,0.0910,0.1902,0.0992,No
33,4,Jenn Tran,0.1335,0.1243,0.0172,0.0992,0.1538,0.0547,No
33,4,Joey Graziadei,0.1090,0.0961,0.0125,0.0756,0.1203,0.0447,No
33,5,Chandler Kinney,0.1369,0.1334,0.0153,0.1056,0.1582,0.0526,No
33,5,Dwight Howard ,0.1353,0.1351,0.0159,0.1098,0.1612,0.0514,No
33,5,Danny Amendola,0.1286,0.1216,0.0196,0.0926,0.1531,0.0604,No
33,5,Stephen Nedoroscik,0.1118,0.1292,0.0152,0.1001,0.1548,0.0546,No
33,5,Ilona Maher,0.1345,0.1183,0.0188,0.0828,0.1458,0.0630,No
33,5,Phaedra Parks,0.0994,0.1087,0.0132,0.0870,0.1275,0.0405,Yes
33,5,Jenn Tran,0.1315,0.1221,0.0172,0.0889,0.1466,0.0577,No
33,5,Joey Graziadei,0.1220,0.1317,0.0186,0.1014,0.1616,0.0602,No
33,6,Chandler Kinney,0.1492,0.1438,0.0155,0.1163,0.1688,0.0525,No
33,6,Dwight Howard ,0.1495,0.1567,0.0168,0.1286,0.1853,0.0567,No
33,6,Danny Amendola,0.1727,0.1363,0.0200,0.1120,0.1823,0.0703,No
33,6,Stephen Nedoroscik,0.1338,0.1836,0.0272,0.1299,0.2212,0.0914,No
33,6,Ilona Maher,0.1422,0.1468,0.0171,0.1258,0.1831,0.0573,No
33,6,Jenn Tran,0.1236,0.1133,0.0104,0.0964,0.1308,0.0344,Yes
33,6,Joey Graziadei,0.1291,0.1196,0.0157,0.0878,0.1449,0.0570,No
33,7,Chandler Kinney,0.1955,0.1777,0.0269,0.1309,0.2181,0.0872,No
33,7,Dwight Howard ,0.1425,0.1511,0.0177,0.1191,0.1765,0.0575,Yes
33,7,Danny Amendola,0.1942,0.1735,0.0279,0.1339,0.2328,0.0989,No
33,7,Stephen Nedoroscik,0.1342,0.1639,0.0243,0.1262,0.2070,0.0808,No
33,7,Ilona Maher,0.1758,0.1773,0.0249,0.1296,0.2151,0.0855,No
33,7,Joey Graziadei,0.1578,0.1566,0.0225,0.1244,0.1928,0.0684,No
33,8,Chandler Kinney,0.2400,0.2118,0.1245,0.0463,0.4464,0.4000,No
33,8,Danny Amendola,0.2522,0.1921,0.1201,0.0384,0.4188,0.3804,No
33,8,Stephen Nedoroscik,0.1220,0.1930,0.1193,0.0353,0.4113,0.3759,No
33,8,Ilona Maher,0.1910,0.2005,0.1213,0.0380,0.4315,0.3935,No
33,8,Joey Graziadei,0.1948,0.2025,0.1214,0.0426,0.4319,0.3894,No
33,9,Chandler Kinney,0.2523,0.2148,0.1262,0.0484,0.4509,0.4025,No
33,9,Danny Amendola,0.2621,0.1989,0.1234,0.0407,0.4337,0.3930,No
33,9,Stephen Nedoroscik,0.1435,0.1891,0.1205,0.0347,0.4199,0.3852,No
33,9,Ilona Maher,0.1539,0.1939,0.1165,0.0392,0.4205,0.3813,No
33,9,Joey Graziadei,0.1882,0.2033,0.1257,0.0427,0.4455,0.4028,No
